id,tipo,producto,material,alto,ancho,precio
1,Puerta para casa interior,Puerta interior barras lineales,Material simple,250.00,90.00,300.00
2,Puerta para casa interior,Puerta interior barras lineales,Material simple,249.00,90.00,300.00
3,Puerta para casa interior,Puerta interior barras lineales,Material simple,251.00,90.00,300.00
4,Puerta para casa interior,Puerta interior barras lineales,Material simple,250.00,91.00,300.00
5,Puerta para casa interior,Puerta interior barras lineales,Material simple,251.00,93.00,300.00
6,Puerta para casa interior,Puerta interior barras lineales,Material simple,250.00,93.00,300.00
7,Puerta para casa interior,Puerta interior barras lineales,Material simple,249.00,94.00,300.00
8,Puerta para casa interior,Puerta interior barras lineales,Material simple,250.00,95.00,300.00
9,Puerta para casa interior,Puerta interior barras lineales,Material simple,251.00,95.00,300.00
10,Puerta para casa interior,Puerta interior con circulos,Material simple,250.00,90.00,300.00
11,Puerta para casa interior,Puerta interior con circulos,Material simple,249.00,90.00,300.00
12,Puerta para casa interior,Puerta interior con circulos,Material simple,251.00,90.00,300.00
13,Puerta para casa interior,Puerta interior con circulos,Material simple,250.00,91.00,300.00
14,Puerta para casa interior,Puerta interior con circulos,Material simple,251.00,93.00,300.00
15,Puerta para casa interior,Puerta interior con circulos,Material simple,250.00,93.00,300.00
16,Puerta para casa interior,Puerta interior con circulos,Material simple,249.00,94.00,300.00
17,Puerta para casa interior,Puerta interior con circulos,Material simple,250.00,95.00,300.00
18,Puerta para casa interior,Puerta interior con circulos,Material simple,251.00,95.00,300.00
19,Puerta principal para casa,Puerta principal estilo madera ,Material resistente,250.00,95.00,980.00
20,Puerta principal para casa,Puerta principal estilo madera ,Material resistente,251.00,95.00,980.00
21,Puerta principal para casa,Puerta principal estilo madera ,Material resistente,255.00,96.00,980.00
22,Puerta principal para casa,Puerta principal estilo madera ,Material resistente,256.00,96.00,980.00
23,Puerta principal para casa,Puerta principal estilo madera ,Material resistente,255.00,98.00,980.00
24,Puerta principal para casa,Puerta principal estilo madera ,Material resistente,254.00,99.00,980.00
25,Puerta principal para casa,Puerta principal estilo madera ,Material resistente,260.00,99.00,980.00
26,Puerta principal para casa,Puerta principal estilo madera ,Material resistente,260.00,100.00,980.00
27,Puerta principal para casa,Puerta principal estilo madera ,Material resistente,255.00,100.00,980.00
28,Puerta principal para casa,Puerta principal estilo madera ,Material resistente,259.00,100.00,980.00
29,Puerta principal para casa,Puerta principal estilo madera ,Material resistente,258.00,100.00,980.00
30,Puerta principal para casa,Puerta principal estilo madera ,Material resistente,250.00,95.00,650.00
31,Puerta principal para casa,Puerta principal estilo madera ,Material resistente,251.00,95.00,650.00
32,Puerta principal para casa,Puerta principal estilo madera ,Material resistente,255.00,96.00,650.00
33,Puerta principal para casa,Puerta principal estilo madera ,Material resistente,256.00,96.00,650.00
34,Puerta principal para casa,Puerta principal estilo madera ,Material resistente,255.00,98.00,650.00
35,Puerta principal para casa,Puerta principal estilo madera ,Material resistente,254.00,99.00,650.00
36,Puerta principal para casa,Puerta principal estilo madera ,Material resistente,260.00,99.00,650.00
37,Puerta principal para casa,Puerta principal estilo madera ,Material resistente,260.00,100.00,650.00
38,Puerta principal para casa,Puerta principal estilo madera ,Material resistente,255.00,100.00,650.00
39,Puerta principal para casa,Puerta principal estilo madera ,Material resistente,259.00,100.00,650.00
40,Puerta principal para casa,Puerta principal estilo madera ,Material resistente,258.00,100.00,650.00
41,Puerta principal para casa,Puerta con aplicaciones en acero inoxidable,Material resistente,250.00,95.00,"1,200.00"
42,Puerta principal para casa,Puerta con aplicaciones en acero inoxidable,Material resistente,251.00,95.00,"1,200.00"
43,Puerta principal para casa,Puerta con aplicaciones en acero inoxidable,Material resistente,255.00,96.00,"1,200.00"
44,Puerta principal para casa,Puerta con aplicaciones en acero inoxidable,Material resistente,256.00,96.00,"1,200.00"
45,Puerta principal para casa,Puerta con aplicaciones en acero inoxidable,Material resistente,255.00,98.00,"1,200.00"
46,Puerta principal para casa,Puerta con aplicaciones en acero inoxidable,Material resistente,254.00,99.00,"1,200.00"
47,Puerta principal para casa,Puerta con aplicaciones en acero inoxidable,Material resistente,260.00,99.00,"1,200.00"
48,Puerta principal para casa,Puerta con aplicaciones en acero inoxidable,Material resistente,260.00,100.00,"1,200.00"
49,Puerta principal para casa,Puerta con aplicaciones en acero inoxidable,Material resistente,255.00,100.00,"1,200.00"
50,Puerta principal para casa,Puerta con aplicaciones en acero inoxidable,Material resistente,259.00,100.00,"1,200.00"
51,Puerta principal para casa,Puerta con aplicaciones en acero inoxidable,Material resistente,258.00,100.00,"1,200.00"
52,Puerta principal para casa,Puerta con aplicaciones en acero inoxidable,Material intermedio,250.00,95.00,780.00
53,Puerta principal para casa,Puerta con aplicaciones en acero inoxidable,Material intermedio,251.00,95.00,780.00
54,Puerta principal para casa,Puerta con aplicaciones en acero inoxidable,Material intermedio,255.00,96.00,780.00
55,Puerta principal para casa,Puerta con aplicaciones en acero inoxidable,Material intermedio,256.00,96.00,780.00
56,Puerta principal para casa,Puerta con aplicaciones en acero inoxidable,Material intermedio,255.00,98.00,780.00
57,Puerta principal para casa,Puerta con aplicaciones en acero inoxidable,Material intermedio,254.00,99.00,780.00
58,Puerta principal para casa,Puerta con aplicaciones en acero inoxidable,Material intermedio,260.00,99.00,780.00
59,Puerta principal para casa,Puerta con aplicaciones en acero inoxidable,Material intermedio,260.00,100.00,780.00
60,Puerta principal para casa,Puerta con aplicaciones en acero inoxidable,Material intermedio,255.00,100.00,780.00
61,Puerta principal para casa,Puerta con aplicaciones en acero inoxidable,Material intermedio,259.00,100.00,780.00
62,Puerta principal para casa,Puerta con aplicaciones en acero inoxidable,Material intermedio,258.00,100.00,780.00
63,Puerta principal para casa,Puerta modelo en arco,Material resistente,250.00,95.00,"1,100.00"
64,Puerta principal para casa,Puerta modelo en arco,Material resistente,251.00,95.00,"1,110.00"
65,Puerta principal para casa,Puerta modelo en arco,Material resistente,255.00,96.00,"1,100.00"
66,Puerta principal para casa,Puerta modelo en arco,Material resistente,256.00,96.00,"1,110.00"
67,Puerta principal para casa,Puerta modelo en arco,Material resistente,255.00,98.00,"1,100.00"
68,Puerta principal para casa,Puerta modelo en arco,Material resistente,254.00,99.00,"1,110.00"
69,Puerta principal para casa,Puerta modelo en arco,Material resistente,260.00,99.00,"1,100.00"
70,Puerta principal para casa,Puerta modelo en arco,Material resistente,260.00,100.00,"1,110.00"
71,Puerta principal para casa,Puerta modelo en arco,Material resistente,255.00,100.00,"1,100.00"
72,Puerta principal para casa,Puerta modelo en arco,Material resistente,259.00,100.00,"1,110.00"
73,Puerta principal para casa,Puerta modelo en arco,Material resistente,258.00,100.00,"1,100.00"
74,Puerta principal para casa,Puerta modelo en arco,Material intermedio,250.00,95.00,780.00
75,Puerta principal para casa,Puerta modelo en arco,Material intermedio,251.00,95.00,790.00
76,Puerta principal para casa,Puerta modelo en arco,Material intermedio,255.00,96.00,780.00
77,Puerta principal para casa,Puerta modelo en arco,Material intermedio,256.00,96.00,790.00
78,Puerta principal para casa,Puerta modelo en arco,Material intermedio,255.00,98.00,780.00
79,Puerta principal para casa,Puerta modelo en arco,Material intermedio,254.00,99.00,790.00
80,Puerta principal para casa,Puerta modelo en arco,Material intermedio,260.00,99.00,780.00
81,Puerta principal para casa,Puerta modelo en arco,Material intermedio,260.00,100.00,790.00
82,Puerta principal para casa,Puerta modelo en arco,Material intermedio,255.00,100.00,780.00
83,Puerta principal para casa,Puerta modelo en arco,Material intermedio,259.00,100.00,790.00
84,Puerta principal para casa,Puerta modelo en arco,Material intermedio,258.00,100.00,780.00
85,Puerta enrrollable ,Puerta enrrollable para negocio,Material simple,260.00,250.00,"1,760.00"
86,Puerta enrrollable ,Puerta enrrollable para negocio,Material simple,250.00,245.00,"1,653.75"
87,Puerta enrrollable ,Puerta enrrollable para negocio,Material simple,252.00,230.00,"1,570.00"
88,Puerta enrrollable ,Puerta enrrollable para negocio,Material simple,251.00,240.00,"1,626.48"
89,Puerta enrrollable ,Puerta enrrollable para negocio,Material simple,254.00,243.00,"1,670.00"
90,Puerta enrrollable ,Puerta enrrollable para negocio,Material simple,260.00,253.00,"1,776.06"
91,Puerta enrrollable ,Puerta enrrollable para negocio,Material simple,250.00,260.00,"1,760.00"
92,Puerta enrrollable ,Puerta enrrollable para negocio,Material simple,245.00,270.00,"1,786.05"
93,Puerta enrrollable ,Puerta enrrollable para negocio,Material simple,245.00,290.00,"1,918.35"
94,Puerta enrrollable ,Puerta enrrollable para negocio,Material simple,248.00,230.00,"1,540.08"
95,Puerta enrrollable ,Puerta enrrollable para negocio,Material simple,254.00,243.00,"1,543.05"
96,Puerta enrrollable ,Puerta enrrollable para negocio,Material intermedio,260.00,253.00,"1,644.50"
97,Puerta enrrollable ,Puerta enrrollable para negocio,Material intermedio,250.00,260.00,"1,625.00"
98,Puerta enrrollable ,Puerta enrrollable para negocio,Material intermedio,245.00,270.00,"1,653.75"
99,Puerta enrrollable ,Puerta enrrollable para negocio,Material intermedio,245.00,290.00,"1,776.25"
100,Puerta enrrollable ,Puerta enrrollable para negocio,Material intermedio,260.00,253.00,"1,644.50"
101,Puerta enrrollable ,Puerta enrrollable para negocio,Material intermedio,250.00,260.00,"1,625.00"
102,Puerta enrrollable ,Puerta enrrollable para negocio,Material intermedio,245.00,270.00,"1,653.75"
103,Puerta enrrollable ,Puerta enrrollable para negocio,Material simple,245.00,290.00,"1,705.20"
104,Puerta enrrollable ,Puerta enrrollable para negocio,Material simple,248.00,230.00,"1,368.96"
105,Puerta enrrollable ,Puerta enrrollable para negocio,Material simple,254.00,243.00,"1,481.33"
106,Puerta enrrollable ,Puerta enrrollable para negocio,Material simple,260.00,253.00,"1,578.72"
107,Puerta enrrollable ,Puerta enrrollable para negocio,Material simple,260.00,250.00,"1,560.00"
108,Puerta enrrollable ,Puerta enrrollable para negocio,Material simple,250.00,245.00,"1,470.00"
109,Puerta enrrollable ,Puerta enrrollable para negocio,Material simple,252.00,230.00,"1,391.04"
110,Puerta enrrollable ,Puerta enrrollable para negocio,Material simple,251.00,240.00,"1,445.76"
111,Puerta enrrollable ,Puerta enrrollable para negocio,Material simple,254.00,243.00,"1,481.33"
112,Enrejado para puerta enrrollable de negocio,Puerta enrrollable mas enrejado para negocio de 4 Hojas,Material resistente,300.00,260.00,"1,920.00"
113,Enrejado para puerta enrrollable de negocio,Puerta enrrollable mas enrejado para negocio de 4 Hojas,Material resistente,302.00,260.00,"1,920.00"
114,Enrejado para puerta enrrollable de negocio,Puerta enrrollable mas enrejado para negocio de 4 Hojas,Material resistente,298.00,259.00,"1,920.00"
115,Enrejado para puerta enrrollable de negocio,Puerta enrrollable mas enrejado para negocio de 4 Hojas,Material resistente,299.00,258.00,"1,920.00"
116,Enrejado para puerta enrrollable de negocio,Puerta enrrollable mas enrejado para negocio de 4 Hojas,Material resistente,300.00,260.00,"1,920.00"
117,Enrejado para puerta enrrollable de negocio,Puerta enrrollable mas enrejado para negocio de 4 Hojas,Material resistente,285.00,261.00,"1,920.00"
118,Enrejado para puerta enrrollable de negocio,Puerta enrrollable mas enrejado para negocio de 4 Hojas,Material resistente,280.00,262.00,"1,920.00"
119,Enrejado para puerta enrrollable de negocio,Puerta enrrollable mas enrejado para negocio de 4 Hojas,Material resistente,270.00,260.00,"1,920.00"
120,Enrejado para puerta enrrollable de negocio,Puerta enrrollable mas enrejado para negocio de 4 Hojas,Material resistente,274.00,260.00,"1,920.00"
121,Enrejado para puerta enrrollable de negocio,Puerta enrrollable mas enrejado para negocio de 4 Hojas,Material resistente,261.00,259.00,"1,650.00"
122,Enrejado para puerta enrrollable de negocio,Puerta enrrollable mas enrejado para negocio de 4 Hojas,Material resistente,263.00,259.00,"1,650.00"
123,Enrejado para puerta enrrollable de negocio,Puerta enrrollable mas enrejado para negocio de 4 Hojas,Material resistente,260.00,260.00,"1,650.00"
124,Enrejado para puerta enrrollable de negocio,Puerta enrrollable mas enrejado para negocio de 4 Hojas,Material resistente,250.00,260.00,"1,650.00"
125,Enrejado para puerta enrrollable de negocio,Puerta enrrollable mas enrejado para negocio de 4 Hojas,Material resistente,254.00,261.00,"1,650.00"
126,Enrejado para puerta enrrollable de negocio,Puerta enrrollable mas enrejado para negocio de 4 Hojas,Material resistente,240.00,262.00,"1,650.00"
127,Enrejado para puerta enrrollable de negocio,Puerta enrrollable mas enrejado para negocio de 4 Hojas,Material resistente,242.00,263.00,"1,650.00"
128,Enrejado para puerta enrrollable de negocio,Puerta enrrollable mas enrejado para negocio de 4 Hojas,Material resistente,240.00,260.00,"1,650.00"
129,Enrejado para puerta enrrollable de negocio,Puerta enrrollable mas enrejado para negocio de 4 Hojas,Material resistente,250.00,261.00,"1,650.00"
130,Enrejado para puerta enrrollable de negocio,Puerta enrrollable mas enrejado para negocio de 4 Hojas,Material resistente,232.00,260.00,"1,400.00"
131,Enrejado para puerta enrrollable de negocio,Puerta enrrollable mas enrejado para negocio de 4 Hojas,Material resistente,220.00,263.00,"1,400.00"
132,Enrejado para puerta enrrollable de negocio,Puerta enrrollable mas enrejado para negocio de 4 Hojas,Material resistente,225.00,258.00,"1,400.00"
133,Enrejado para puerta enrrollable de negocio,Puerta enrrollable mas enrejado para negocio de 4 Hojas,Material resistente,215.00,259.00,"1,400.00"
134,Enrejado para puerta enrrollable de negocio,Puerta enrrollable mas enrejado para negocio de 4 Hojas,Material resistente,210.00,260.00,"1,400.00"
135,Enrejado para puerta enrrollable de negocio,Puerta enrrollable mas enrejado para negocio de 4 Hojas,Material resistente,214.00,259.00,"1,400.00"
136,Enrejado para puerta enrrollable de negocio,Puerta enrrollable mas enrejado para negocio de 4 Hojas,Material resistente,205.00,258.00,"1,400.00"
137,Enrejado para puerta enrrollable de negocio,Puerta enrrollable mas enrejado para negocio de 4 Hojas,Material resistente,204.00,259.00,"1,400.00"
138,Enrejado para puerta enrrollable de negocio,Puerta enrrollable mas enrejado para negocio de 4 Hojas,Material resistente,200.00,260.00,"1,400.00"
139,Enrejado para puerta enrrollable de negocio,Puerta enrrollable mas enrejado para negocio de 4 Hojas,Material resistente,200.00,261.00,"1,400.00"
140,Enrejado para puerta enrrollable de negocio,Puerta enrrollable mas enrejado para negocio de 4 Hojas,Material intermedio,300.00,260.00,"1,700.00"
141,Enrejado para puerta enrrollable de negocio,Puerta enrrollable mas enrejado para negocio de 4 Hojas,Material intermedio,302.00,260.00,"1,700.00"
142,Enrejado para puerta enrrollable de negocio,Puerta enrrollable mas enrejado para negocio de 4 Hojas,Material intermedio,298.00,259.00,"1,700.00"
143,Enrejado para puerta enrrollable de negocio,Puerta enrrollable mas enrejado para negocio de 4 Hojas,Material intermedio,299.00,258.00,"1,700.00"
144,Enrejado para puerta enrrollable de negocio,Puerta enrrollable mas enrejado para negocio de 4 Hojas,Material intermedio,300.00,260.00,"1,700.00"
145,Enrejado para puerta enrrollable de negocio,Puerta enrrollable mas enrejado para negocio de 4 Hojas,Material intermedio,285.00,261.00,"1,700.00"
146,Enrejado para puerta enrrollable de negocio,Puerta enrrollable mas enrejado para negocio de 4 Hojas,Material intermedio,280.00,262.00,"1,700.00"
147,Enrejado para puerta enrrollable de negocio,Puerta enrrollable mas enrejado para negocio de 4 Hojas,Material intermedio,270.00,260.00,"1,700.00"
148,Enrejado para puerta enrrollable de negocio,Puerta enrrollable mas enrejado para negocio de 4 Hojas,Material intermedio,274.00,260.00,"1,700.00"
149,Enrejado para puerta enrrollable de negocio,Puerta enrrollable mas enrejado para negocio de 4 Hojas,Material intermedio,261.00,259.00,"1,400.00"
150,Enrejado para puerta enrrollable de negocio,Puerta enrrollable mas enrejado para negocio de 4 Hojas,Material intermedio,263.00,259.00,"1,400.00"
151,Enrejado para puerta enrrollable de negocio,Puerta enrrollable mas enrejado para negocio de 4 Hojas,Material intermedio,260.00,260.00,"1,400.00"
152,Enrejado para puerta enrrollable de negocio,Puerta enrrollable mas enrejado para negocio de 4 Hojas,Material intermedio,250.00,260.00,"1,400.00"
153,Enrejado para puerta enrrollable de negocio,Puerta enrrollable mas enrejado para negocio de 4 Hojas,Material intermedio,254.00,261.00,"1,400.00"
154,Enrejado para puerta enrrollable de negocio,Puerta enrrollable mas enrejado para negocio de 4 Hojas,Material intermedio,240.00,262.00,"1,400.00"
155,Enrejado para puerta enrrollable de negocio,Puerta enrrollable mas enrejado para negocio de 4 Hojas,Material intermedio,242.00,263.00,"1,400.00"
156,Enrejado para puerta enrrollable de negocio,Puerta enrrollable mas enrejado para negocio de 4 Hojas,Material intermedio,240.00,260.00,"1,400.00"
157,Enrejado para puerta enrrollable de negocio,Puerta enrrollable mas enrejado para negocio de 4 Hojas,Material intermedio,250.00,261.00,"1,400.00"
158,Enrejado para puerta enrrollable de negocio,Puerta enrrollable mas enrejado para negocio de 4 Hojas,Material intermedio,232.00,260.00,"1,200.00"
159,Enrejado para puerta enrrollable de negocio,Puerta enrrollable mas enrejado para negocio de 4 Hojas,Material intermedio,220.00,263.00,"1,200.00"
160,Enrejado para puerta enrrollable de negocio,Puerta enrrollable mas enrejado para negocio de 4 Hojas,Material intermedio,225.00,258.00,"1,200.00"
161,Enrejado para puerta enrrollable de negocio,Puerta enrrollable mas enrejado para negocio de 4 Hojas,Material intermedio,215.00,259.00,"1,200.00"
162,Enrejado para puerta enrrollable de negocio,Puerta enrrollable mas enrejado para negocio de 4 Hojas,Material intermedio,210.00,260.00,"1,200.00"
163,Enrejado para puerta enrrollable de negocio,Puerta enrrollable mas enrejado para negocio de 4 Hojas,Material intermedio,214.00,259.00,"1,200.00"
164,Enrejado para puerta enrrollable de negocio,Puerta enrrollable mas enrejado para negocio de 4 Hojas,Material intermedio,205.00,258.00,"1,200.00"
165,Enrejado para puerta enrrollable de negocio,Puerta enrrollable mas enrejado para negocio de 4 Hojas,Material intermedio,204.00,259.00,"1,200.00"
166,Enrejado para puerta enrrollable de negocio,Puerta enrrollable mas enrejado para negocio de 4 Hojas,Material intermedio,200.00,260.00,"1,200.00"
167,Enrejado para puerta enrrollable de negocio,Puerta enrrollable mas enrejado para negocio de 4 Hojas,Material intermedio,200.00,261.00,"1,200.00"
168,Enrejado para puerta enrrollable de negocio,Puerta enrrollable mas enrejado para negocio de barras 2 Hojas,Material resistente,300.00,260.00,"1,770.00"
169,Enrejado para puerta enrrollable de negocio,Puerta enrrollable mas enrejado para negocio de barras 2 Hojas,Material resistente,302.00,260.00,"1,770.00"
170,Enrejado para puerta enrrollable de negocio,Puerta enrrollable mas enrejado para negocio de barras 2 Hojas,Material resistente,298.00,259.00,"1,770.00"
171,Enrejado para puerta enrrollable de negocio,Puerta enrrollable mas enrejado para negocio de barras 2 Hojas,Material resistente,299.00,258.00,"1,770.00"
172,Enrejado para puerta enrrollable de negocio,Puerta enrrollable mas enrejado para negocio de barras 2 Hojas,Material resistente,300.00,260.00,"1,770.00"
173,Enrejado para puerta enrrollable de negocio,Puerta enrrollable mas enrejado para negocio de barras 2 Hojas,Material resistente,285.00,261.00,"1,770.00"
174,Enrejado para puerta enrrollable de negocio,Puerta enrrollable mas enrejado para negocio de barras 2 Hojas,Material resistente,280.00,262.00,"1,770.00"
175,Enrejado para puerta enrrollable de negocio,Puerta enrrollable mas enrejado para negocio de barras 2 Hojas,Material resistente,270.00,260.00,"1,770.00"
176,Enrejado para puerta enrrollable de negocio,Puerta enrrollable mas enrejado para negocio de barras 2 Hojas,Material resistente,274.00,260.00,"1,770.00"
177,Enrejado para puerta enrrollable de negocio,Puerta enrrollable mas enrejado para negocio de barras 2 Hojas,Material resistente,261.00,259.00,"1,500.00"
178,Enrejado para puerta enrrollable de negocio,Puerta enrrollable mas enrejado para negocio de barras 2 Hojas,Material resistente,263.00,259.00,"1,500.00"
179,Enrejado para puerta enrrollable de negocio,Puerta enrrollable mas enrejado para negocio de barras 2 Hojas,Material resistente,260.00,260.00,"1,500.00"
180,Enrejado para puerta enrrollable de negocio,Puerta enrrollable mas enrejado para negocio de barras 2 Hojas,Material resistente,250.00,260.00,"1,500.00"
181,Enrejado para puerta enrrollable de negocio,Puerta enrrollable mas enrejado para negocio de barras 2 Hojas,Material resistente,254.00,261.00,"1,500.00"
182,Enrejado para puerta enrrollable de negocio,Puerta enrrollable mas enrejado para negocio de barras 2 Hojas,Material resistente,240.00,262.00,"1,500.00"
183,Enrejado para puerta enrrollable de negocio,Puerta enrrollable mas enrejado para negocio de barras 2 Hojas,Material resistente,242.00,263.00,"1,500.00"
184,Enrejado para puerta enrrollable de negocio,Puerta enrrollable mas enrejado para negocio de barras 2 Hojas,Material resistente,240.00,260.00,"1,500.00"
185,Enrejado para puerta enrrollable de negocio,Puerta enrrollable mas enrejado para negocio de barras 2 Hojas,Material resistente,250.00,261.00,"1,500.00"
186,Enrejado para puerta enrrollable de negocio,Puerta enrrollable mas enrejado para negocio de barras 2 Hojas,Material resistente,232.00,260.00,"1,250.00"
187,Enrejado para puerta enrrollable de negocio,Puerta enrrollable mas enrejado para negocio de barras 2 Hojas,Material resistente,220.00,263.00,"1,250.00"
188,Enrejado para puerta enrrollable de negocio,Puerta enrrollable mas enrejado para negocio de barras 2 Hojas,Material resistente,225.00,258.00,"1,250.00"
189,Enrejado para puerta enrrollable de negocio,Puerta enrrollable mas enrejado para negocio de barras 2 Hojas,Material resistente,215.00,259.00,"1,250.00"
190,Enrejado para puerta enrrollable de negocio,Puerta enrrollable mas enrejado para negocio de barras 2 Hojas,Material resistente,210.00,260.00,"1,250.00"
191,Enrejado para puerta enrrollable de negocio,Puerta enrrollable mas enrejado para negocio de barras 2 Hojas,Material resistente,214.00,259.00,"1,250.00"
192,Enrejado para puerta enrrollable de negocio,Puerta enrrollable mas enrejado para negocio de barras 2 Hojas,Material resistente,205.00,258.00,"1,250.00"
193,Enrejado para puerta enrrollable de negocio,Puerta enrrollable mas enrejado para negocio de barras 2 Hojas,Material resistente,204.00,259.00,"1,250.00"
194,Enrejado para puerta enrrollable de negocio,Puerta enrrollable mas enrejado para negocio de barras 2 Hojas,Material resistente,200.00,260.00,"1,250.00"
195,Enrejado para puerta enrrollable de negocio,Puerta enrrollable mas enrejado para negocio de barras 2 Hojas,Material resistente,200.00,261.00,"1,250.00"
196,Enrejado para puerta enrrollable de negocio,Puerta enrrollable mas enrejado para negocio de barras 2 Hojas,Material intermedio,300.00,260.00,"1,550.00"
197,Enrejado para puerta enrrollable de negocio,Puerta enrrollable mas enrejado para negocio de barras 2 Hojas,Material intermedio,302.00,260.00,"1,550.00"
198,Enrejado para puerta enrrollable de negocio,Puerta enrrollable mas enrejado para negocio de barras 2 Hojas,Material intermedio,298.00,259.00,"1,550.00"
199,Enrejado para puerta enrrollable de negocio,Puerta enrrollable mas enrejado para negocio de barras 2 Hojas,Material intermedio,299.00,258.00,"1,550.00"
200,Enrejado para puerta enrrollable de negocio,Puerta enrrollable mas enrejado para negocio de barras 2 Hojas,Material intermedio,300.00,260.00,"1,550.00"
201,Enrejado para puerta enrrollable de negocio,Puerta enrrollable mas enrejado para negocio de barras 2 Hojas,Material intermedio,285.00,261.00,"1,550.00"
202,Enrejado para puerta enrrollable de negocio,Puerta enrrollable mas enrejado para negocio de barras 2 Hojas,Material intermedio,280.00,262.00,"1,550.00"
203,Enrejado para puerta enrrollable de negocio,Puerta enrrollable mas enrejado para negocio de barras 2 Hojas,Material intermedio,270.00,260.00,"1,550.00"
204,Enrejado para puerta enrrollable de negocio,Puerta enrrollable mas enrejado para negocio de barras 2 Hojas,Material intermedio,274.00,260.00,"1,550.00"
205,Enrejado para puerta enrrollable de negocio,Puerta enrrollable mas enrejado para negocio de barras 2 Hojas,Material intermedio,261.00,259.00,"1,250.00"
206,Enrejado para puerta enrrollable de negocio,Puerta enrrollable mas enrejado para negocio de barras 2 Hojas,Material intermedio,263.00,259.00,"1,250.00"
207,Enrejado para puerta enrrollable de negocio,Puerta enrrollable mas enrejado para negocio de barras 2 Hojas,Material intermedio,260.00,260.00,"1,250.00"
208,Enrejado para puerta enrrollable de negocio,Puerta enrrollable mas enrejado para negocio de barras 2 Hojas,Material intermedio,250.00,260.00,"1,250.00"
209,Enrejado para puerta enrrollable de negocio,Puerta enrrollable mas enrejado para negocio de barras 2 Hojas,Material intermedio,254.00,261.00,"1,250.00"
210,Enrejado para puerta enrrollable de negocio,Puerta enrrollable mas enrejado para negocio de barras 2 Hojas,Material intermedio,240.00,262.00,"1,250.00"
211,Enrejado para puerta enrrollable de negocio,Puerta enrrollable mas enrejado para negocio de barras 2 Hojas,Material intermedio,242.00,263.00,"1,250.00"
212,Enrejado para puerta enrrollable de negocio,Puerta enrrollable mas enrejado para negocio de barras 2 Hojas,Material intermedio,240.00,260.00,"1,250.00"
213,Enrejado para puerta enrrollable de negocio,Puerta enrrollable mas enrejado para negocio de barras 2 Hojas,Material intermedio,250.00,261.00,"1,250.00"
214,Enrejado para puerta enrrollable de negocio,Puerta enrrollable mas enrejado para negocio de barras 2 Hojas,Material intermedio,232.00,260.00,"1,050.00"
215,Enrejado para puerta enrrollable de negocio,Puerta enrrollable mas enrejado para negocio de barras 2 Hojas,Material intermedio,220.00,263.00,"1,050.00"
216,Enrejado para puerta enrrollable de negocio,Puerta enrrollable mas enrejado para negocio de barras 2 Hojas,Material intermedio,225.00,258.00,"1,050.00"
217,Enrejado para puerta enrrollable de negocio,Puerta enrrollable mas enrejado para negocio de barras 2 Hojas,Material intermedio,215.00,259.00,"1,050.00"
218,Enrejado para puerta enrrollable de negocio,Puerta enrrollable mas enrejado para negocio de barras 2 Hojas,Material intermedio,210.00,260.00,"1,050.00"
219,Enrejado para puerta enrrollable de negocio,Puerta enrrollable mas enrejado para negocio de barras 2 Hojas,Material intermedio,214.00,259.00,"1,050.00"
220,Enrejado para puerta enrrollable de negocio,Puerta enrrollable mas enrejado para negocio de barras 2 Hojas,Material intermedio,205.00,258.00,"1,050.00"
221,Enrejado para puerta enrrollable de negocio,Puerta enrrollable mas enrejado para negocio de barras 2 Hojas,Material intermedio,204.00,259.00,"1,050.00"
222,Enrejado para puerta enrrollable de negocio,Puerta enrrollable mas enrejado para negocio de barras 2 Hojas,Material intermedio,200.00,260.00,"1,050.00"
223,Enrejado para puerta enrrollable de negocio,Puerta enrrollable mas enrejado para negocio de barras 2 Hojas,Material intermedio,200.00,261.00,"1,050.00"
224,Enrejado para puerta enrrollable de negocio,Puerta enrrollable mas enrejado para negocio rombo 4 Hojas,Material resistente,300.00,260.00,"1,920.00"
225,Enrejado para puerta enrrollable de negocio,Puerta enrrollable mas enrejado para negocio rombo 4 Hojas,Material resistente,302.00,260.00,"1,920.00"
226,Enrejado para puerta enrrollable de negocio,Puerta enrrollable mas enrejado para negocio rombo 4 Hojas,Material resistente,298.00,259.00,"1,920.00"
227,Enrejado para puerta enrrollable de negocio,Puerta enrrollable mas enrejado para negocio rombo 4 Hojas,Material resistente,299.00,258.00,"1,920.00"
228,Enrejado para puerta enrrollable de negocio,Puerta enrrollable mas enrejado para negocio rombo 4 Hojas,Material resistente,300.00,260.00,"1,920.00"
229,Enrejado para puerta enrrollable de negocio,Puerta enrrollable mas enrejado para negocio rombo 4 Hojas,Material resistente,285.00,261.00,"1,920.00"
230,Enrejado para puerta enrrollable de negocio,Puerta enrrollable mas enrejado para negocio rombo 4 Hojas,Material resistente,280.00,262.00,"1,920.00"
231,Enrejado para puerta enrrollable de negocio,Puerta enrrollable mas enrejado para negocio rombo 4 Hojas,Material resistente,270.00,260.00,"1,920.00"
232,Enrejado para puerta enrrollable de negocio,Puerta enrrollable mas enrejado para negocio rombo 4 Hojas,Material resistente,274.00,260.00,"1,920.00"
233,Enrejado para puerta enrrollable de negocio,Puerta enrrollable mas enrejado para negocio rombo 4 Hojas,Material resistente,261.00,259.00,"1,650.00"
234,Enrejado para puerta enrrollable de negocio,Puerta enrrollable mas enrejado para negocio rombo 4 Hojas,Material resistente,263.00,259.00,"1,650.00"
235,Enrejado para puerta enrrollable de negocio,Puerta enrrollable mas enrejado para negocio rombo 4 Hojas,Material resistente,260.00,260.00,"1,650.00"
236,Enrejado para puerta enrrollable de negocio,Puerta enrrollable mas enrejado para negocio rombo 4 Hojas,Material resistente,250.00,260.00,"1,650.00"
237,Enrejado para puerta enrrollable de negocio,Puerta enrrollable mas enrejado para negocio rombo 4 Hojas,Material resistente,254.00,261.00,"1,650.00"
238,Enrejado para puerta enrrollable de negocio,Puerta enrrollable mas enrejado para negocio rombo 4 Hojas,Material resistente,240.00,262.00,"1,650.00"
239,Enrejado para puerta enrrollable de negocio,Puerta enrrollable mas enrejado para negocio rombo 4 Hojas,Material resistente,242.00,263.00,"1,650.00"
240,Enrejado para puerta enrrollable de negocio,Puerta enrrollable mas enrejado para negocio rombo 4 Hojas,Material resistente,240.00,260.00,"1,650.00"
241,Enrejado para puerta enrrollable de negocio,Puerta enrrollable mas enrejado para negocio rombo 4 Hojas,Material resistente,250.00,261.00,"1,650.00"
242,Enrejado para puerta enrrollable de negocio,Puerta enrrollable mas enrejado para negocio rombo 4 Hojas,Material resistente,232.00,260.00,"1,400.00"
243,Enrejado para puerta enrrollable de negocio,Puerta enrrollable mas enrejado para negocio rombo 4 Hojas,Material resistente,220.00,263.00,"1,400.00"
244,Enrejado para puerta enrrollable de negocio,Puerta enrrollable mas enrejado para negocio rombo 4 Hojas,Material resistente,225.00,258.00,"1,400.00"
245,Enrejado para puerta enrrollable de negocio,Puerta enrrollable mas enrejado para negocio rombo 4 Hojas,Material resistente,215.00,259.00,"1,400.00"
246,Enrejado para puerta enrrollable de negocio,Puerta enrrollable mas enrejado para negocio rombo 4 Hojas,Material resistente,210.00,260.00,"1,400.00"
247,Enrejado para puerta enrrollable de negocio,Puerta enrrollable mas enrejado para negocio rombo 4 Hojas,Material resistente,214.00,259.00,"1,400.00"
248,Enrejado para puerta enrrollable de negocio,Puerta enrrollable mas enrejado para negocio rombo 4 Hojas,Material resistente,205.00,258.00,"1,400.00"
249,Enrejado para puerta enrrollable de negocio,Puerta enrrollable mas enrejado para negocio rombo 4 Hojas,Material resistente,204.00,259.00,"1,400.00"
250,Enrejado para puerta enrrollable de negocio,Puerta enrrollable mas enrejado para negocio rombo 4 Hojas,Material resistente,200.00,260.00,"1,400.00"
251,Enrejado para puerta enrrollable de negocio,Puerta enrrollable mas enrejado para negocio rombo 4 Hojas,Material resistente,200.00,261.00,"1,400.00"
252,Enrejado para puerta enrrollable de negocio,Puerta enrrollable mas enrejado para negocio rombo 4 Hojas,Material intermedio,300.00,260.00,"1,700.00"
253,Enrejado para puerta enrrollable de negocio,Puerta enrrollable mas enrejado para negocio rombo 4 Hojas,Material intermedio,302.00,260.00,"1,700.00"
254,Enrejado para puerta enrrollable de negocio,Puerta enrrollable mas enrejado para negocio rombo 4 Hojas,Material intermedio,298.00,259.00,"1,700.00"
255,Enrejado para puerta enrrollable de negocio,Puerta enrrollable mas enrejado para negocio rombo 4 Hojas,Material intermedio,299.00,258.00,"1,700.00"
256,Enrejado para puerta enrrollable de negocio,Puerta enrrollable mas enrejado para negocio rombo 4 Hojas,Material intermedio,300.00,260.00,"1,700.00"
257,Enrejado para puerta enrrollable de negocio,Puerta enrrollable mas enrejado para negocio rombo 4 Hojas,Material intermedio,285.00,261.00,"1,700.00"
258,Enrejado para puerta enrrollable de negocio,Puerta enrrollable mas enrejado para negocio rombo 4 Hojas,Material intermedio,280.00,262.00,"1,700.00"
259,Enrejado para puerta enrrollable de negocio,Puerta enrrollable mas enrejado para negocio rombo 4 Hojas,Material intermedio,270.00,260.00,"1,700.00"
260,Enrejado para puerta enrrollable de negocio,Puerta enrrollable mas enrejado para negocio rombo 4 Hojas,Material intermedio,274.00,260.00,"1,700.00"
261,Enrejado para puerta enrrollable de negocio,Puerta enrrollable mas enrejado para negocio rombo 4 Hojas,Material intermedio,261.00,259.00,"1,400.00"
262,Enrejado para puerta enrrollable de negocio,Puerta enrrollable mas enrejado para negocio rombo 4 Hojas,Material intermedio,263.00,259.00,"1,400.00"
263,Enrejado para puerta enrrollable de negocio,Puerta enrrollable mas enrejado para negocio rombo 4 Hojas,Material intermedio,260.00,260.00,"1,400.00"
264,Enrejado para puerta enrrollable de negocio,Puerta enrrollable mas enrejado para negocio rombo 4 Hojas,Material intermedio,250.00,260.00,"1,400.00"
265,Enrejado para puerta enrrollable de negocio,Puerta enrrollable mas enrejado para negocio rombo 4 Hojas,Material intermedio,254.00,261.00,"1,400.00"
266,Enrejado para puerta enrrollable de negocio,Puerta enrrollable mas enrejado para negocio rombo 4 Hojas,Material intermedio,240.00,262.00,"1,400.00"
267,Enrejado para puerta enrrollable de negocio,Puerta enrrollable mas enrejado para negocio rombo 4 Hojas,Material intermedio,242.00,263.00,"1,400.00"
268,Enrejado para puerta enrrollable de negocio,Puerta enrrollable mas enrejado para negocio rombo 4 Hojas,Material intermedio,240.00,260.00,"1,400.00"
269,Enrejado para puerta enrrollable de negocio,Puerta enrrollable mas enrejado para negocio rombo 4 Hojas,Material intermedio,250.00,261.00,"1,400.00"
270,Enrejado para puerta enrrollable de negocio,Puerta enrrollable mas enrejado para negocio rombo 4 Hojas,Material intermedio,232.00,260.00,"1,200.00"
271,Enrejado para puerta enrrollable de negocio,Puerta enrrollable mas enrejado para negocio rombo 4 Hojas,Material intermedio,220.00,263.00,"1,200.00"
272,Enrejado para puerta enrrollable de negocio,Puerta enrrollable mas enrejado para negocio rombo 4 Hojas,Material intermedio,225.00,258.00,"1,200.00"
273,Enrejado para puerta enrrollable de negocio,Puerta enrrollable mas enrejado para negocio rombo 4 Hojas,Material intermedio,215.00,259.00,"1,200.00"
274,Enrejado para puerta enrrollable de negocio,Puerta enrrollable mas enrejado para negocio rombo 4 Hojas,Material intermedio,210.00,260.00,"1,200.00"
275,Enrejado para puerta enrrollable de negocio,Puerta enrrollable mas enrejado para negocio rombo 4 Hojas,Material intermedio,214.00,259.00,"1,200.00"
276,Enrejado para puerta enrrollable de negocio,Puerta enrrollable mas enrejado para negocio rombo 4 Hojas,Material intermedio,205.00,258.00,"1,200.00"
277,Enrejado para puerta enrrollable de negocio,Puerta enrrollable mas enrejado para negocio rombo 4 Hojas,Material intermedio,204.00,259.00,"1,200.00"
278,Enrejado para puerta enrrollable de negocio,Puerta enrrollable mas enrejado para negocio rombo 4 Hojas,Material intermedio,200.00,260.00,"1,200.00"
279,Enrejado para puerta enrrollable de negocio,Puerta enrrollable mas enrejado para negocio rombo 4 Hojas,Material intermedio,200.00,261.00,"1,200.00"
280,Porton cochera levadizo,Porton cochera levadizo,Material intermedio,500.00,261.00,"10,000.00"
281,Porton cochera levadizo,Porton cochera levadizo,Material intermedio,510.00,260.00,"10,000.00"
282,Porton cochera levadizo,Porton cochera levadizo,Material intermedio,508.00,263.00,"10,000.00"
283,Porton cochera levadizo,Porton cochera levadizo,Material intermedio,495.00,258.00,"10,000.00"
284,Porton cochera levadizo,Porton cochera levadizo,Material intermedio,490.00,259.00,"10,000.00"
285,Porton cochera levadizo,Porton cochera levadizo,Material intermedio,450.00,260.00,"9,500.00"
286,Porton cochera levadizo,Porton cochera levadizo,Material intermedio,440.00,259.00,"9,500.00"
287,Porton cochera levadizo,Porton cochera levadizo,Material intermedio,460.00,258.00,"9,500.00"
288,Porton cochera levadizo,Porton cochera levadizo,Material intermedio,420.00,259.00,"9,000.00"
289,Porton cochera levadizo,Porton cochera levadizo,Material intermedio,400.00,260.00,"9,000.00"
290,Porton cochera levadizo,Porton cochera levadizo,Material intermedio,380.00,261.00,"9,000.00"
291,Porton cochera levadizo,Porton cochera levadizo,Material intermedio,360.00,260.00,"8,500.00"
292,Porton cochera levadizo,Porton cochera levadizo,Material intermedio,350.00,260.00,"8,500.00"
293,Porton cochera levadizo,Porton cochera levadizo,Material intermedio,340.00,259.00,"8,500.00"
294,Porton cochera levadizo,Porton cochera levadizo,Material intermedio,320.00,258.00,"6,500.00"
295,Porton cochera levadizo,Porton cochera levadizo,Material intermedio,310.00,260.00,"6,500.00"
296,Porton cochera levadizo,Porton cochera levadizo,Material intermedio,300.00,261.00,"6,500.00"
297,Porton cochera levadizo,Porton cochera levadizo,Material intermedio,280.00,262.00,"6,500.00"
298,Porton cochera levadizo,Porton cochera levadizo,Material intermedio,260.00,260.00,"5,500.00"
299,Porton cochera levadizo,Porton cochera levadizo,Material intermedio,250.00,260.00,"5,500.00"
300,Porton cochera levadizo,Porton cochera levadizo,Material intermedio,240.00,259.00,"5,500.00"
301,Porton cochera levadizo,Porton cochera levadizo,Material intermedio,230.00,259.00,"5,500.00"
302,Porton cochera levadizo,Porton cochera levadizo,Material intermedio,210.00,260.00,"5,000.00"
303,Porton cochera levadizo,Porton cochera levadizo,Material intermedio,200.00,260.00,"5,000.00"
304,Porton seccional para cochera,Porton seccional para cochera,Material intermedio,500.00,261.00,"9,500.00"
305,Porton seccional para cochera,Porton seccional para cochera,Material intermedio,510.00,260.00,"9,500.00"
306,Porton seccional para cochera,Porton seccional para cochera,Material intermedio,508.00,263.00,"9,500.00"
307,Porton seccional para cochera,Porton seccional para cochera,Material intermedio,495.00,258.00,"9,500.00"
308,Porton seccional para cochera,Porton seccional para cochera,Material intermedio,490.00,259.00,"9,500.00"
309,Porton seccional para cochera,Porton seccional para cochera,Material intermedio,450.00,260.00,"9,000.00"
310,Porton seccional para cochera,Porton seccional para cochera,Material intermedio,440.00,259.00,"9,000.00"
311,Porton seccional para cochera,Porton seccional para cochera,Material intermedio,460.00,258.00,"9,000.00"
312,Porton seccional para cochera,Porton seccional para cochera,Material intermedio,420.00,259.00,"8,500.00"
313,Porton seccional para cochera,Porton seccional para cochera,Material intermedio,400.00,260.00,"8,500.00"
314,Porton seccional para cochera,Porton seccional para cochera,Material intermedio,380.00,261.00,"8,500.00"
315,Porton seccional para cochera,Porton seccional para cochera,Material intermedio,360.00,260.00,"8,000.00"
316,Porton seccional para cochera,Porton seccional para cochera,Material intermedio,350.00,260.00,"8,000.00"
317,Porton seccional para cochera,Porton seccional para cochera,Material intermedio,340.00,259.00,"8,000.00"
318,Porton seccional para cochera,Porton seccional para cochera,Material intermedio,320.00,258.00,"7,500.00"
319,Porton seccional para cochera,Porton seccional para cochera,Material intermedio,310.00,260.00,"7,500.00"
320,Porton seccional para cochera,Porton seccional para cochera,Material intermedio,300.00,261.00,"7,500.00"
321,Porton seccional para cochera,Porton seccional para cochera,Material intermedio,280.00,262.00,"7,500.00"
322,Porton seccional para cochera,Porton seccional para cochera,Material intermedio,260.00,260.00,"7,000.00"
323,Porton seccional para cochera,Porton seccional para cochera,Material intermedio,250.00,260.00,"7,000.00"
324,Porton seccional para cochera,Porton seccional para cochera,Material intermedio,240.00,259.00,"7,000.00"
325,Porton seccional para cochera,Porton seccional para cochera,Material intermedio,230.00,259.00,"7,000.00"
326,Porton seccional para cochera,Porton seccional para cochera,Material intermedio,210.00,260.00,"6,500.00"
327,Porton seccional para cochera,Porton seccional para cochera,Material intermedio,200.00,260.00,"6,500.00"
328,Porton corredizo para cochera,Porton corredizo 2Hojas,Material intermedio,350.00,500.00,"7,500.00"
329,Porton corredizo para cochera,Porton corredizo 2Hojas,Material intermedio,400.00,500.00,"7,500.00"
330,Porton corredizo para cochera,Porton corredizo 2Hojas,Material intermedio,430.00,500.00,"7,500.00"
331,Porton corredizo para cochera,Porton corredizo 2Hojas,Material intermedio,350.00,450.00,"7,500.00"
332,Porton corredizo para cochera,Porton corredizo 2Hojas,Material intermedio,400.00,500.00,"7,500.00"
333,Porton corredizo para cochera,Porton corredizo 2Hojas,Material intermedio,430.00,450.00,"7,500.00"
334,Porton corredizo para cochera,Porton corredizo 2Hojas,Material intermedio,340.00,450.00,"6,500.00"
335,Porton corredizo para cochera,Porton corredizo 2Hojas,Material intermedio,320.00,500.00,"6,500.00"
336,Porton corredizo para cochera,Porton corredizo 2Hojas,Material intermedio,300.00,500.00,"6,500.00"
337,Porton corredizo para cochera,Porton corredizo 2Hojas,Material intermedio,290.00,450.00,"6,500.00"
338,Porton corredizo para cochera,Porton corredizo 2Hojas,Material intermedio,280.00,450.00,"6,500.00"
339,Porton corredizo para cochera,Porton corredizo 2Hojas,Material intermedio,240.00,400.00,"3,800.00"
340,Porton corredizo para cochera,Porton corredizo 2Hojas,Material intermedio,250.00,380.00,"3,800.00"
341,Porton corredizo para cochera,Porton corredizo 2Hojas,Material intermedio,250.00,390.00,"3,800.00"
342,Porton corredizo para cochera,Porton corredizo 2Hojas,Material intermedio,260.00,400.00,"3,800.00"
343,Porton corredizo para cochera,Porton corredizo 2Hojas,Material intermedio,270.00,450.00,"3,800.00"
344,Porton corredizo para cochera,Porton corredizo 2Hojas,Material simple,250.00,200.00,"1,500.00"
345,Porton corredizo para cochera,Porton corredizo 2Hojas,Material simple,260.00,200.00,"1,500.00"
346,Porton corredizo para cochera,Porton corredizo 2Hojas,Material simple,270.00,200.00,"1,500.00"
347,Porton corredizo para cochera,Porton corredizo 2Hojas,Material simple,280.00,200.00,"1,500.00"
348,Porton corredizo para cochera,Porton corredizo 2Hojas,Material simple,240.00,200.00,"1,500.00"
349,Porton corredizo para cochera,Porton corredizo 2Hojas,Material simple,270.00,200.00,"1,500.00"
350,Porton corredizo para cochera,Porton corredizo 2Hojas,Material simple,280.00,200.00,"1,500.00"